GATEWAY_USERID,GATEWAY_PASSWORD,GATEWAY_PAYESCHEME
GDSUser60499,password,100/GDS60499
GDSUser60500,password,100/GDS60500
GDSUser60501,password,100/GDS60501
GDSUser60502,password,100/GDS60502
GDSUser60503,password,100/GDS60503
GDSUser60504,password,100/GDS60504
GDSUser60505,password,100/GDS60505
GDSUser60506,password,100/GDS60506
GDSUser60507,password,100/GDS60507
GDSUser60508,password,100/GDS60508
GDSUser60509,password,100/GDS60509
GDSUser60510,password,100/GDS60510
GDSUser60511,password,100/GDS60511
GDSUser60512,password,100/GDS60512
GDSUser60513,password,100/GDS60513
GDSUser60514,password,100/GDS60514
GDSUser60515,password,100/GDS60515
GDSUser60516,password,100/GDS60516
GDSUser60517,password,100/GDS60517
GDSUser60518,password,100/GDS60518
GDSUser60519,password,100/GDS60519
GDSUser60520,password,100/GDS60520
GDSUser60521,password,100/GDS60521
GDSUser60522,password,100/GDS60522
GDSUser60523,password,100/GDS60523
GDSUser60524,password,100/GDS60524
GDSUser60525,password,100/GDS60525
GDSUser60526,password,100/GDS60526
GDSUser60527,password,100/GDS60527
GDSUser60528,password,100/GDS60528
GDSUser60529,password,100/GDS60529
GDSUser60530,password,100/GDS60530
GDSUser60531,password,100/GDS60531
GDSUser60532,password,100/GDS60532
GDSUser60533,password,100/GDS60533
GDSUser60534,password,100/GDS60534
GDSUser60535,password,100/GDS60535
GDSUser60536,password,100/GDS60536
GDSUser60537,password,100/GDS60537
GDSUser60538,password,100/GDS60538
GDSUser60539,password,100/GDS60539
GDSUser60540,password,100/GDS60540
GDSUser60541,password,100/GDS60541
GDSUser60542,password,100/GDS60542
GDSUser60543,password,100/GDS60543
GDSUser60544,password,100/GDS60544
GDSUser60545,password,100/GDS60545
GDSUser60546,password,100/GDS60546
GDSUser60547,password,100/GDS60547
GDSUser60548,password,100/GDS60548
GDSUser60549,password,100/GDS60549
GDSUser60550,password,100/GDS60550
GDSUser60551,password,100/GDS60551
GDSUser60552,password,100/GDS60552
GDSUser60553,password,100/GDS60553
GDSUser60554,password,100/GDS60554
GDSUser60555,password,100/GDS60555
GDSUser60556,password,100/GDS60556
GDSUser60557,password,100/GDS60557
GDSUser60558,password,100/GDS60558
GDSUser60559,password,100/GDS60559
GDSUser60560,password,100/GDS60560
GDSUser60561,password,100/GDS60561
GDSUser60562,password,100/GDS60562
GDSUser60563,password,100/GDS60563
GDSUser60564,password,100/GDS60564
GDSUser60565,password,100/GDS60565
GDSUser60566,password,100/GDS60566
GDSUser60567,password,100/GDS60567
GDSUser60568,password,100/GDS60568
GDSUser60569,password,100/GDS60569
GDSUser60570,password,100/GDS60570
GDSUser60571,password,100/GDS60571
GDSUser60572,password,100/GDS60572
GDSUser60573,password,100/GDS60573
GDSUser60574,password,100/GDS60574
GDSUser60575,password,100/GDS60575
GDSUser60576,password,100/GDS60576
GDSUser60577,password,100/GDS60577
GDSUser60578,password,100/GDS60578
GDSUser60579,password,100/GDS60579
GDSUser60580,password,100/GDS60580
GDSUser60581,password,100/GDS60581
GDSUser60582,password,100/GDS60582
GDSUser60583,password,100/GDS60583
GDSUser60584,password,100/GDS60584
GDSUser60585,password,100/GDS60585
GDSUser60586,password,100/GDS60586
GDSUser60587,password,100/GDS60587
GDSUser60588,password,100/GDS60588
GDSUser60589,password,100/GDS60589
GDSUser60590,password,100/GDS60590
GDSUser60591,password,100/GDS60591
GDSUser60592,password,100/GDS60592
GDSUser60593,password,100/GDS60593
GDSUser60594,password,100/GDS60594
GDSUser60595,password,100/GDS60595
GDSUser60596,password,100/GDS60596
GDSUser60597,password,100/GDS60597
GDSUser60598,password,100/GDS60598
GDSUser60599,password,100/GDS60599
GDSUser60600,password,100/GDS60600
GDSUser60601,password,100/GDS60601
GDSUser60602,password,100/GDS60602
GDSUser60603,password,100/GDS60603
GDSUser60604,password,100/GDS60604
GDSUser60605,password,100/GDS60605
GDSUser60606,password,100/GDS60606
GDSUser60607,password,100/GDS60607
GDSUser60608,password,100/GDS60608
GDSUser60609,password,100/GDS60609
GDSUser60610,password,100/GDS60610
GDSUser60611,password,100/GDS60611
GDSUser60612,password,100/GDS60612
GDSUser60613,password,100/GDS60613
GDSUser60614,password,100/GDS60614
GDSUser60615,password,100/GDS60615
GDSUser60616,password,100/GDS60616
GDSUser60617,password,100/GDS60617
GDSUser60618,password,100/GDS60618
GDSUser60619,password,100/GDS60619
GDSUser60620,password,100/GDS60620
GDSUser60621,password,100/GDS60621
GDSUser60622,password,100/GDS60622
GDSUser60623,password,100/GDS60623
GDSUser60624,password,100/GDS60624
GDSUser60625,password,100/GDS60625
GDSUser60626,password,100/GDS60626
GDSUser60627,password,100/GDS60627
GDSUser60628,password,100/GDS60628
GDSUser60629,password,100/GDS60629
GDSUser60630,password,100/GDS60630
GDSUser60631,password,100/GDS60631
GDSUser60632,password,100/GDS60632
GDSUser60633,password,100/GDS60633
GDSUser60634,password,100/GDS60634
GDSUser60635,password,100/GDS60635
GDSUser60636,password,100/GDS60636
GDSUser60637,password,100/GDS60637
GDSUser60638,password,100/GDS60638
GDSUser60639,password,100/GDS60639
GDSUser60640,password,100/GDS60640
GDSUser60641,password,100/GDS60641
GDSUser60642,password,100/GDS60642
GDSUser60643,password,100/GDS60643
GDSUser60644,password,100/GDS60644
GDSUser60645,password,100/GDS60645
GDSUser60646,password,100/GDS60646
GDSUser60647,password,100/GDS60647
GDSUser60648,password,100/GDS60648
GDSUser60649,password,100/GDS60649
GDSUser60650,password,100/GDS60650
GDSUser60651,password,100/GDS60651
GDSUser60652,password,100/GDS60652
GDSUser60653,password,100/GDS60653
GDSUser60654,password,100/GDS60654
GDSUser60655,password,100/GDS60655
GDSUser60656,password,100/GDS60656
GDSUser60657,password,100/GDS60657
GDSUser60658,password,100/GDS60658
GDSUser60659,password,100/GDS60659
GDSUser60660,password,100/GDS60660
GDSUser60661,password,100/GDS60661
GDSUser60662,password,100/GDS60662
GDSUser60663,password,100/GDS60663
GDSUser60664,password,100/GDS60664
GDSUser60665,password,100/GDS60665
GDSUser60666,password,100/GDS60666
GDSUser60667,password,100/GDS60667
GDSUser60668,password,100/GDS60668
GDSUser60669,password,100/GDS60669
GDSUser60670,password,100/GDS60670
GDSUser60671,password,100/GDS60671
GDSUser60672,password,100/GDS60672
GDSUser60673,password,100/GDS60673
GDSUser60674,password,100/GDS60674
GDSUser60675,password,100/GDS60675
GDSUser60676,password,100/GDS60676
GDSUser60677,password,100/GDS60677
GDSUser60678,password,100/GDS60678
GDSUser60679,password,100/GDS60679
GDSUser60680,password,100/GDS60680
GDSUser60681,password,100/GDS60681
GDSUser60682,password,100/GDS60682
GDSUser60683,password,100/GDS60683
GDSUser60684,password,100/GDS60684
GDSUser60685,password,100/GDS60685
GDSUser60686,password,100/GDS60686
GDSUser60687,password,100/GDS60687
GDSUser60688,password,100/GDS60688
GDSUser60689,password,100/GDS60689
GDSUser60690,password,100/GDS60690
GDSUser60691,password,100/GDS60691
GDSUser60692,password,100/GDS60692
GDSUser60693,password,100/GDS60693
GDSUser60694,password,100/GDS60694
GDSUser60695,password,100/GDS60695
GDSUser60696,password,100/GDS60696
GDSUser60697,password,100/GDS60697
GDSUser60698,password,100/GDS60698
GDSUser60699,password,100/GDS60699
GDSUser60700,password,100/GDS60700
GDSUser60701,password,100/GDS60701
GDSUser60702,password,100/GDS60702
GDSUser60703,password,100/GDS60703
GDSUser60704,password,100/GDS60704
GDSUser60705,password,100/GDS60705
GDSUser60706,password,100/GDS60706
GDSUser60707,password,100/GDS60707
GDSUser60708,password,100/GDS60708
GDSUser60709,password,100/GDS60709
GDSUser60710,password,100/GDS60710
GDSUser60711,password,100/GDS60711
GDSUser60712,password,100/GDS60712
GDSUser60713,password,100/GDS60713
GDSUser60714,password,100/GDS60714
GDSUser60715,password,100/GDS60715
GDSUser60716,password,100/GDS60716
GDSUser60717,password,100/GDS60717
GDSUser60718,password,100/GDS60718
GDSUser60719,password,100/GDS60719
GDSUser60720,password,100/GDS60720
GDSUser60721,password,100/GDS60721
GDSUser60722,password,100/GDS60722
GDSUser60723,password,100/GDS60723
GDSUser60724,password,100/GDS60724
GDSUser60725,password,100/GDS60725
GDSUser60726,password,100/GDS60726
GDSUser60727,password,100/GDS60727
GDSUser60728,password,100/GDS60728
GDSUser60729,password,100/GDS60729
GDSUser60730,password,100/GDS60730
GDSUser60731,password,100/GDS60731
GDSUser60732,password,100/GDS60732
GDSUser60733,password,100/GDS60733
GDSUser60734,password,100/GDS60734
GDSUser60735,password,100/GDS60735
GDSUser60736,password,100/GDS60736
GDSUser60737,password,100/GDS60737
GDSUser60738,password,100/GDS60738
GDSUser60739,password,100/GDS60739
GDSUser60740,password,100/GDS60740
GDSUser60741,password,100/GDS60741
GDSUser60742,password,100/GDS60742
GDSUser60743,password,100/GDS60743
GDSUser60744,password,100/GDS60744
GDSUser60745,password,100/GDS60745
GDSUser60746,password,100/GDS60746
GDSUser60747,password,100/GDS60747
GDSUser60748,password,100/GDS60748
GDSUser60749,password,100/GDS60749
GDSUser60750,password,100/GDS60750
GDSUser60751,password,100/GDS60751
GDSUser60752,password,100/GDS60752
GDSUser60753,password,100/GDS60753
GDSUser60754,password,100/GDS60754
GDSUser60755,password,100/GDS60755
GDSUser60756,password,100/GDS60756
GDSUser60757,password,100/GDS60757
GDSUser60758,password,100/GDS60758
GDSUser60759,password,100/GDS60759
GDSUser60760,password,100/GDS60760
GDSUser60761,password,100/GDS60761
GDSUser60762,password,100/GDS60762
GDSUser60763,password,100/GDS60763
GDSUser60764,password,100/GDS60764
GDSUser60765,password,100/GDS60765
GDSUser60766,password,100/GDS60766
GDSUser60767,password,100/GDS60767
GDSUser60768,password,100/GDS60768
GDSUser60769,password,100/GDS60769
GDSUser60770,password,100/GDS60770
GDSUser60771,password,100/GDS60771
GDSUser60772,password,100/GDS60772
GDSUser60773,password,100/GDS60773
GDSUser60774,password,100/GDS60774
GDSUser60775,password,100/GDS60775
GDSUser60776,password,100/GDS60776
GDSUser60777,password,100/GDS60777
GDSUser60778,password,100/GDS60778
GDSUser60779,password,100/GDS60779
GDSUser60780,password,100/GDS60780
GDSUser60781,password,100/GDS60781
GDSUser60782,password,100/GDS60782
GDSUser60783,password,100/GDS60783
GDSUser60784,password,100/GDS60784
GDSUser60785,password,100/GDS60785
GDSUser60786,password,100/GDS60786
GDSUser60787,password,100/GDS60787
GDSUser60788,password,100/GDS60788
GDSUser60789,password,100/GDS60789
GDSUser60790,password,100/GDS60790
GDSUser60791,password,100/GDS60791
GDSUser60792,password,100/GDS60792
GDSUser60793,password,100/GDS60793
GDSUser60794,password,100/GDS60794
GDSUser60795,password,100/GDS60795
GDSUser60796,password,100/GDS60796
GDSUser60797,password,100/GDS60797
GDSUser60798,password,100/GDS60798
GDSUser60799,password,100/GDS60799
GDSUser60800,password,100/GDS60800
GDSUser60801,password,100/GDS60801
GDSUser60802,password,100/GDS60802
GDSUser60803,password,100/GDS60803
GDSUser60804,password,100/GDS60804
GDSUser60805,password,100/GDS60805
GDSUser60806,password,100/GDS60806
GDSUser60807,password,100/GDS60807
GDSUser60808,password,100/GDS60808
GDSUser60809,password,100/GDS60809
GDSUser60810,password,100/GDS60810
GDSUser60811,password,100/GDS60811
GDSUser60812,password,100/GDS60812
GDSUser60813,password,100/GDS60813
GDSUser60814,password,100/GDS60814
GDSUser60815,password,100/GDS60815
GDSUser60816,password,100/GDS60816
GDSUser60817,password,100/GDS60817
GDSUser60818,password,100/GDS60818
GDSUser60819,password,100/GDS60819
GDSUser60820,password,100/GDS60820
GDSUser60821,password,100/GDS60821
GDSUser60822,password,100/GDS60822
GDSUser60823,password,100/GDS60823
GDSUser60824,password,100/GDS60824
GDSUser60825,password,100/GDS60825
GDSUser60826,password,100/GDS60826
GDSUser60827,password,100/GDS60827
GDSUser60828,password,100/GDS60828
GDSUser60829,password,100/GDS60829
GDSUser60830,password,100/GDS60830
GDSUser60831,password,100/GDS60831
GDSUser60832,password,100/GDS60832
GDSUser60833,password,100/GDS60833
GDSUser60834,password,100/GDS60834
GDSUser60835,password,100/GDS60835
GDSUser60836,password,100/GDS60836
GDSUser60837,password,100/GDS60837
GDSUser60838,password,100/GDS60838
GDSUser60839,password,100/GDS60839
GDSUser60840,password,100/GDS60840
GDSUser60841,password,100/GDS60841
GDSUser60842,password,100/GDS60842
GDSUser60843,password,100/GDS60843
GDSUser60844,password,100/GDS60844
GDSUser60845,password,100/GDS60845
GDSUser60846,password,100/GDS60846
GDSUser60847,password,100/GDS60847
GDSUser60848,password,100/GDS60848
GDSUser60849,password,100/GDS60849
GDSUser60850,password,100/GDS60850
GDSUser60851,password,100/GDS60851
GDSUser60852,password,100/GDS60852
GDSUser60853,password,100/GDS60853
GDSUser60854,password,100/GDS60854
GDSUser60855,password,100/GDS60855
GDSUser60856,password,100/GDS60856
GDSUser60857,password,100/GDS60857
GDSUser60858,password,100/GDS60858
GDSUser60859,password,100/GDS60859
GDSUser60860,password,100/GDS60860
GDSUser60861,password,100/GDS60861
GDSUser60862,password,100/GDS60862
GDSUser60863,password,100/GDS60863
GDSUser60864,password,100/GDS60864
GDSUser60865,password,100/GDS60865
GDSUser60866,password,100/GDS60866
GDSUser60867,password,100/GDS60867
GDSUser60868,password,100/GDS60868
GDSUser60869,password,100/GDS60869
GDSUser60870,password,100/GDS60870
GDSUser60871,password,100/GDS60871
GDSUser60872,password,100/GDS60872
GDSUser60873,password,100/GDS60873
GDSUser60874,password,100/GDS60874
GDSUser60875,password,100/GDS60875
GDSUser60876,password,100/GDS60876
GDSUser60877,password,100/GDS60877
GDSUser60878,password,100/GDS60878
GDSUser60879,password,100/GDS60879
GDSUser60880,password,100/GDS60880
GDSUser60881,password,100/GDS60881
GDSUser60882,password,100/GDS60882
GDSUser60883,password,100/GDS60883
GDSUser60884,password,100/GDS60884
GDSUser60885,password,100/GDS60885
GDSUser60886,password,100/GDS60886
GDSUser60887,password,100/GDS60887
GDSUser60888,password,100/GDS60888
GDSUser60889,password,100/GDS60889
GDSUser60890,password,100/GDS60890
GDSUser60891,password,100/GDS60891
GDSUser60892,password,100/GDS60892
GDSUser60893,password,100/GDS60893
GDSUser60894,password,100/GDS60894
GDSUser60895,password,100/GDS60895
GDSUser60896,password,100/GDS60896
GDSUser60897,password,100/GDS60897
GDSUser60898,password,100/GDS60898
GDSUser60899,password,100/GDS60899
GDSUser60900,password,100/GDS60900
GDSUser60901,password,100/GDS60901
GDSUser60902,password,100/GDS60902
GDSUser60903,password,100/GDS60903
GDSUser60904,password,100/GDS60904
GDSUser60905,password,100/GDS60905
GDSUser60906,password,100/GDS60906
GDSUser60907,password,100/GDS60907
GDSUser60908,password,100/GDS60908
GDSUser60909,password,100/GDS60909
GDSUser60910,password,100/GDS60910
GDSUser60911,password,100/GDS60911
GDSUser60912,password,100/GDS60912
GDSUser60913,password,100/GDS60913
GDSUser60914,password,100/GDS60914
GDSUser60915,password,100/GDS60915
GDSUser60916,password,100/GDS60916
GDSUser60917,password,100/GDS60917
GDSUser60918,password,100/GDS60918
GDSUser60919,password,100/GDS60919
GDSUser60920,password,100/GDS60920
GDSUser60921,password,100/GDS60921
GDSUser60922,password,100/GDS60922
GDSUser60923,password,100/GDS60923
GDSUser60924,password,100/GDS60924
GDSUser60925,password,100/GDS60925
GDSUser60926,password,100/GDS60926
GDSUser60927,password,100/GDS60927
GDSUser60928,password,100/GDS60928
GDSUser60929,password,100/GDS60929
GDSUser60930,password,100/GDS60930
GDSUser60931,password,100/GDS60931
GDSUser60932,password,100/GDS60932
GDSUser60933,password,100/GDS60933
GDSUser60934,password,100/GDS60934
GDSUser60935,password,100/GDS60935
GDSUser60936,password,100/GDS60936
GDSUser60937,password,100/GDS60937
GDSUser60938,password,100/GDS60938
GDSUser60939,password,100/GDS60939
GDSUser60940,password,100/GDS60940
GDSUser60941,password,100/GDS60941
GDSUser60942,password,100/GDS60942
GDSUser60943,password,100/GDS60943
GDSUser60944,password,100/GDS60944
GDSUser60945,password,100/GDS60945
GDSUser60946,password,100/GDS60946
GDSUser60947,password,100/GDS60947
GDSUser60948,password,100/GDS60948
GDSUser60949,password,100/GDS60949
GDSUser60950,password,100/GDS60950
GDSUser60951,password,100/GDS60951
GDSUser60952,password,100/GDS60952
GDSUser60953,password,100/GDS60953
GDSUser60954,password,100/GDS60954
GDSUser60955,password,100/GDS60955
GDSUser60956,password,100/GDS60956
GDSUser60957,password,100/GDS60957
GDSUser60958,password,100/GDS60958
GDSUser60959,password,100/GDS60959
GDSUser60960,password,100/GDS60960
GDSUser60961,password,100/GDS60961
GDSUser60962,password,100/GDS60962
GDSUser60963,password,100/GDS60963
GDSUser60964,password,100/GDS60964
GDSUser60965,password,100/GDS60965
GDSUser60966,password,100/GDS60966
GDSUser60967,password,100/GDS60967
GDSUser60968,password,100/GDS60968
GDSUser60969,password,100/GDS60969
GDSUser60970,password,100/GDS60970
GDSUser60971,password,100/GDS60971
GDSUser60972,password,100/GDS60972
GDSUser60973,password,100/GDS60973
GDSUser60974,password,100/GDS60974
GDSUser60975,password,100/GDS60975
GDSUser60976,password,100/GDS60976
GDSUser60977,password,100/GDS60977
GDSUser60978,password,100/GDS60978
GDSUser60979,password,100/GDS60979
GDSUser60980,password,100/GDS60980
GDSUser60981,password,100/GDS60981
GDSUser60982,password,100/GDS60982
GDSUser60983,password,100/GDS60983
GDSUser60984,password,100/GDS60984
GDSUser60985,password,100/GDS60985
GDSUser60986,password,100/GDS60986
GDSUser60987,password,100/GDS60987
GDSUser60988,password,100/GDS60988
GDSUser60989,password,100/GDS60989
GDSUser60990,password,100/GDS60990
GDSUser60991,password,100/GDS60991
GDSUser60992,password,100/GDS60992
GDSUser60993,password,100/GDS60993
GDSUser60994,password,100/GDS60994
GDSUser60995,password,100/GDS60995
GDSUser60996,password,100/GDS60996
GDSUser60997,password,100/GDS60997
GDSUser60998,password,100/GDS60998
GDSUser60999,password,100/GDS60999
GDSUser61000,password,100/GDS61000