Email,Account
First_2005133141_4_5@mailinator.com,VRXJXW
First_2005133150_13_14@mailinator.com,VYRYRK
First_2005133153_16_17@mailinator.com,VNYKY8
First_2005133143_6_7@mailinator.com,M46W66
First_2005133148_11_12@mailinator.com,VD8N8K
First_2005133138_1_2@mailinator.com,MJ9G9W
First_2005133156_19_20@mailinator.com,MGLDLG
First_2005133146_9_10@mailinator.com,MP4W4X
First_2005133144_7_8@mailinator.com,VX6J4K
First_2005133149_12_13@mailinator.com,ML6LD7
First_2005133147_10_11@mailinator.com,VB8WLN
First_2005133142_5_6@mailinator.com,VKWX4P
First_2005133204_27_28@mailinator.com,M7NLKR
First_2005133159_22_23@mailinator.com,VWWJN8
First_2005133138_0_1@mailinator.com,V6YXB8
First_2005133140_3_4@mailinator.com,MRXJ9J
First_2005133145_8_9@mailinator.com,MYRYDX
First_2005133208_31_32@mailinator.com,MNYKXL
First_2005133151_14_15@mailinator.com,V46WXJ
First_2005133152_15_16@mailinator.com,MD8NK6
First_2005133157_20_21@mailinator.com,VJ9GN9
First_2005133206_29_30@mailinator.com,VGLD66
First_2005133213_36_37@mailinator.com,VP4WBD
First_2005133155_18_19@mailinator.com,M84B7G
First_2005133139_2_3@mailinator.com,M9DKWB
First_2005133154_17_18@mailinator.com,MX6JWK
First_2005133203_26_27@mailinator.com,VL6LR7
First_2005133207_30_31@mailinator.com,MB8WDN
First_2005133202_25_26@mailinator.com,MKWX9P
First_2005133216_39_40@mailinator.com,V7NLXR
First_2005133158_21_22@mailinator.com,MWWJ78
First_2005133209_32_33@mailinator.com,M6YXG8
First_2005133211_34_35@mailinator.com,VRXJGJ
First_2005133200_23_24@mailinator.com,VYRY6X
First_2005133220_43_44@mailinator.com,VNYKNL
First_2005133218_41_42@mailinator.com,M46WDJ
First_2005133201_24_25@mailinator.com,VD8NG6
First_2005133235_58_59@mailinator.com,MJ9GW9
First_2005133221_44_45@mailinator.com,MGLDB6
First_2005133214_37_38@mailinator.com,MP4WDD
First_2005133219_42_43@mailinator.com,V84BLG
First_2005133210_33_34@mailinator.com,V9DK9B
First_2005133224_47_48@mailinator.com,VX6J9K
First_2005133215_38_39@mailinator.com,ML6LK7
First_2005133222_45_46@mailinator.com,VB8WYN
First_2005133236_59_60@mailinator.com,VKWXBP
First_2005133246_69_70@mailinator.com,M7NLJR
First_2005133232_55_56@mailinator.com,VWWJ98
First_2005133205_28_29@mailinator.com,V6YXD8
First_2005133217_40_41@mailinator.com,MRXJNJ
First_2005133239_62_63@mailinator.com,MYRYLX
First_2005133233_56_57@mailinator.com,MNYKWL
First_2005133253_76_77@mailinator.com,V46WNJ
First_2005133248_71_72@mailinator.com,MD8N46
First_2005133242_65_66@mailinator.com,VJ9GL9
First_2005133223_46_47@mailinator.com,VGLDG6
First_2005133226_49_50@mailinator.com,VP4WRD
First_2005133238_61_62@mailinator.com,M84BGG
First_2005133241_64_65@mailinator.com,M9DKPB
First_2005133228_51_52@mailinator.com,MX6JXK
First_2005133237_60_61@mailinator.com,VL6LY7
First_2005133249_72_73@mailinator.com,MB8W7N
First_2005133243_66_67@mailinator.com,MKWX6P
First_2005133212_35_36@mailinator.com,V7NLPR
First_2005133225_48_49@mailinator.com,MWWJP8
First_2005133247_70_71@mailinator.com,M6YXJ8
First_2005133234_57_58@mailinator.com,VRXJ7J
First_2005133240_63_64@mailinator.com,VYRYBX
First_2005133244_67_68@mailinator.com,VNYKJL
First_2005133227_50_51@mailinator.com,M46WYJ
First_2005133307_90_91@mailinator.com,VD8NY6
First_2005133231_54_55@mailinator.com,MJ9G79
First_2005133254_77_78@mailinator.com,MGLDP6
First_2005133259_82_83@mailinator.com,MP4WXD
First_2005133252_75_76@mailinator.com,V84BXG
First_2005133250_73_74@mailinator.com,V9DKBB
First_2005133229_52_53@mailinator.com,VX6RKK
First_2005133245_68_69@mailinator.com,ML6GW7
First_2005133230_53_54@mailinator.com,VB8GJN
First_2005133308_91_92@mailinator.com,VKWDJP
First_2005133258_81_82@mailinator.com,M7N64R
First_2005133302_85_86@mailinator.com,VWW6B8
First_2005133251_74_75@mailinator.com,V6YW48
First_2005133300_83_84@mailinator.com,MRXLKJ
First_2005133312_95_96@mailinator.com,MYRX7X
First_2005133311_94_95@mailinator.com,MNYDPL
First_2005133316_99_100@mailinator.com,V46K9J
First_2005133303_86_87@mailinator.com,MD8PL6
First_2005133304_87_88@mailinator.com,VJ9DR9
First_2005133256_79_80@mailinator.com,VGL846
First_2005133314_97_98@mailinator.com,VP4PLD
First_2005133257_80_81@mailinator.com,M84RPG
First_2005133301_84_85@mailinator.com,M9DX8B
First_2005133313_96_97@mailinator.com,MX6RDK
First_2005133305_88_89@mailinator.com,VL6G77
First_2005133255_78_79@mailinator.com,MB8GBN
First_2005133315_98_99@mailinator.com,MKWDKP
First_2005133306_89_90@mailinator.com,V7N69R
First_2005133310_93_94@mailinator.com,MWW6D8
First_2005133309_92_93@mailinator.com,M6YWP8
First_2005133733_7_107@mailinator.com,VRXLBJ
First_2005133738_0_108@mailinator.com,VYRXJX
First_2005133729_13_104@mailinator.com,VNYD4L
First_2005133716_4_102@mailinator.com,M46KRJ
First_2005133720_6_103@mailinator.com,VD8P96
First_2005133747_45_112@mailinator.com,MJ9DK9
First_2005133730_9_105@mailinator.com,MGL8X6
First_2005133732_10_106@mailinator.com,MP4PND
First_2005133747_39_113@mailinator.com,VX6RD9
First_2005133746_29_110@mailinator.com,ML6G7Y
First_2005133810_17_132@mailinator.com,VB8GNJ
First_2005133754_12_117@mailinator.com,VKWD7K
First_2005133805_42_124@mailinator.com,M7N6GG
First_2005133755_36_118@mailinator.com,VWW6RY
First_2005133758_8_119@mailinator.com,V6YW6R
First_2005133754_21_116@mailinator.com,MRXLDP
First_2005133804_41_123@mailinator.com,MYRXG9
First_2005133807_22_126@mailinator.com,MNYD6K
First_2005133747_23_111@mailinator.com,V46KGK
First_2005133740_58_109@mailinator.com,MD8PDX
First_2005133754_31_115@mailinator.com,VJ9DJY
First_2005133811_46_133@mailinator.com,VGL87N
First_2005133800_19_120@mailinator.com,VP4P94
First_2005133806_15_125@mailinator.com,M84RJ7
First_2005133751_44_114@mailinator.com,M9DX49
First_2005133810_33_131@mailinator.com,MX6RP9
First_2005133819_90_141@mailinator.com,VL6G4Y
First_2005133804_24_122@mailinator.com,MB8GPJ
First_2005133807_1_127@mailinator.com,MKWDPK
First_2005133801_30_121@mailinator.com,V7N6YG
First_2005133808_3_129@mailinator.com,MWW6YY
First_2005133812_16_134@mailinator.com,M6YWNR
First_2005133815_51_138@mailinator.com,VRXL4P
First_2005133820_32_142@mailinator.com,VYRXP9
First_2005133808_20_128@mailinator.com,VNYD7K
First_2005133809_2_130@mailinator.com,M46K4K
First_2005133815_25_137@mailinator.com,VD8P7X
First_2005133826_35_148@mailinator.com,MJ9DBY
First_2005133845_83_163@mailinator.com,MGL8YN
First_2005133821_47_143@mailinator.com,MP4PJ4
First_2005133822_40_145@mailinator.com,V84R87
First_2005133840_79_158@mailinator.com,V9DXJ9
First_2005133814_59_136@mailinator.com,VX6RY9
First_2005133812_27_135@mailinator.com,ML6GJY
First_2005133817_43_139@mailinator.com,VB8G4J
First_2005133828_55_149@mailinator.com,VKWDLK
First_2005133833_71_152@mailinator.com,M7N6RG
First_2005133823_5_146@mailinator.com,VWW6GY
First_2005133834_85_155@mailinator.com,V6YWRR
First_2005133819_50_140@mailinator.com,MRXLRP
First_2005133829_82_150@mailinator.com,MYRXN9
First_2005133840_49_160@mailinator.com,MNYD9K
First_2005133838_60_157@mailinator.com,V46K8K
First_2005133833_48_153@mailinator.com,MD8PJX
First_2005133822_18_144@mailinator.com,VJ9DXY
First_2005133846_66_164@mailinator.com,VGL8JN
First_2005133829_34_151@mailinator.com,VP4P64
First_2005133841_95_161@mailinator.com,M84RY7
First_2005133825_28_147@mailinator.com,M9DXN9
First_2005133836_53_156@mailinator.com,MX6RN9
First_2005133848_75_165@mailinator.com,VL6GBY
First_2005133834_37_154@mailinator.com,MB8G6J
First_2005133856_67_171@mailinator.com,MKWDYK
First_2005133840_38_159@mailinator.com,V7N6BG
First_2005133859_87_173@mailinator.com,MWW68Y
First_2005133856_57_169@mailinator.com,M6YWLR
First_2005133841_14_162@mailinator.com,VRXLPP
First_2005133903_56_176@mailinator.com,VYRX89
First_2005133906_65_179@mailinator.com,VNYDGK
First_2005133906_64_178@mailinator.com,M46K7K
First_2005133914_81_183@mailinator.com,VD8PRX
First_2005133856_26_170@mailinator.com,MJ9D4Y
First_2005133848_54_166@mailinator.com,MGL8RN
First_2005133912_86_182@mailinator.com,MP4PG4
First_2005133903_76_177@mailinator.com,V84RK7
First_2005133918_97_184@mailinator.com,V9DX79
First_2005133857_61_172@mailinator.com,VX6R89
First_2005133918_63_185@mailinator.com,ML6GNY
First_2005133852_68_167@mailinator.com,VB8GKJ
First_2005133856_70_168@mailinator.com,VKWDGK
First_2005133902_72_175@mailinator.com,M7N6DG
First_2005133911_73_180@mailinator.com,VWW6XY
First_2005133930_93_190@mailinator.com,V6YW8R
First_2005133900_62_174@mailinator.com,MRXLYP
First_2005133912_84_181@mailinator.com,MYRX99
First_2005133925_74_189@mailinator.com,MNYDRK
First_2005133925_88_188@mailinator.com,V46KPK
First_2005133933_78_192@mailinator.com,MD8PWX
First_2005133934_89_194@mailinator.com,VJ9DPY
First_2005133938_52_195@mailinator.com,VGL89N
First_2005133934_69_193@mailinator.com,VP4PY4
First_2005133922_96_187@mailinator.com,M84RD7
First_2005133932_91_191@mailinator.com,M9DXY9
First_2005133922_77_186@mailinator.com,MX6RL9
First_2005133958_80_199@mailinator.com,VL6GPY
First_2005133938_94_196@mailinator.com,MB8GWJ
First_2005133941_98_197@mailinator.com,MKWDXK
First_2005134003_92_200@mailinator.com,V7N6LG
First_2005133946_99_198@mailinator.com,MWW6JY
First_2005134228_7_202@mailinator.com,M6YWXR